Product URL,Product Title,Product Price,Product Rating,Product Reviews
https://www.amazon.in//gp/bestsellers/luggage/2917444031/ref=sr_bs_0_2917444031_1,Skybags Brat Black 46 Cms Casual Backpack,599,4.1 out of 5 stars,5011
https://www.amazon.in//American-Tourister-AMT-SCH-02/dp/B07CJCGM1M,American Tourister 32 Ltrs Black Casual Backpack (AMT FIZZ SCH BAG 02 - BLACK),1199,4.0 out of 5 stars,55193
https://www.amazon.in//Wesley-Milestone-Waterproof-Backpack-Business/dp/B084JGJ8PF/ref=ice_ac_b_dpb,Wesley Milestone 2.0 Casual Waterproof Laptop Backpack/Office Bag/School Bag/College Bag/Business Bag/Travel Backpack (Dimensions:13x18 inches) (Compatible with 39.62cm(15.6inch laptop) 30 L (Blue & black),550,4.3 out of 5 stars,11568
https://www.amazon.in//s/ref=sxin_15_trfobq2av2?rh=n%3A14737350031&k=bags&i=specialty-aps&srs=14737350031&pd_rd_w=THiTh&content-id=amzn1.sym.c1eb4b2a-b703-404b-a097-61cb8a5ee3cb:amzn1.sym.c1eb4b2a-b703-404b-a097-61cb8a5ee3cb&pf_rd_p=c1eb4b2a-b703-404b-a097-61cb8a5ee3cb&pf_rd_r=4X72KH1TVB2CSJ4CHT2J&pd_rd_wg=S8Wng&pd_rd_r=ee4934e9-010a-4e9f-b0d8-f0bcae5f614b&qid=1688736357,NA,310,4.1 out of 5 stars,Amazon’s private and select curated brands
https://www.amazon.in//s/ref=sxin_15_trfobq2av2?rh=n%3A14737350031&k=bags&i=specialty-aps&srs=14737350031&pd_rd_w=THiTh&content-id=amzn1.sym.c1eb4b2a-b703-404b-a097-61cb8a5ee3cb:amzn1.sym.c1eb4b2a-b703-404b-a097-61cb8a5ee3cb&pf_rd_p=c1eb4b2a-b703-404b-a097-61cb8a5ee3cb&pf_rd_r=4X72KH1TVB2CSJ4CHT2J&pd_rd_wg=S8Wng&pd_rd_r=ee4934e9-010a-4e9f-b0d8-f0bcae5f614b&qid=1688736357,NA,NA,NA,Amazon’s private and select curated brands
https://www.amazon.in//gp/bestsellers/computers/1375464031/ref=sr_bs_3_1375464031_1,American Tourister VALEX BLACK LAPTOP BACKPACK 28 LtrsVolume LAPTOP COMPARTMENT BOTTLE POCKET FRONT ORGANIZER,1299,4.3 out of 5 stars,422
https://www.amazon.in//Half-Moon-Waterproof-Backpack-Students/dp/B085MHDJ93,Half Moon 35L Water Resistant 15.6 inch Laptop Bag for Men/Backpack for Men Navy Blue | Office Bag for Men/Office Bag for Women with Padded Laptop Compartment | Rain Cover & Reflective Strips,649,3.9 out of 5 stars,16388
https://www.amazon.in//Gear-Black-Laptop-Backpack-LBPASPIRE0104/dp/B075MK4TXP,Gear Aspire 30L Water Restant Office Laptop Bag/Backpack for Men/Women/(Black),1085,4.4 out of 5 stars,5780
https://www.amazon.in//ADISA-Laptop-Backpack-Office-College/dp/B09TPX22NF,ADISA 15.6 inch Laptop Backpack Office Bag College Travel Back Pack 32 Ltrs (z-Navy Blue),499,3.9 out of 5 stars,961
https://www.amazon.in//Number-Backpack-Compartment-Charging-Organizer/dp/B09VTDMRY7,FUR JADEN Anti Theft Number Lock Backpack Bag with 15.6 Inch Laptop Compartment USB Charging Port & Organizer Pocket for Men Women Boys Girls,679,4.0 out of 5 stars,4655
https://www.amazon.in//Gear-Classic-Leather-Backpack-LBPCLSLTH0201/dp/B07G4F6XFH,Gear Classic 20L Faux Leather Water Resistant Anti Theft Laptop Bag/Backpack for Men/Women-Brown,988,4.4 out of 5 stars,5857
https://www.amazon.in//gp/bestsellers/luggage/1984997031/ref=sr_bs_9_1984997031_1,Fur Jaden 55 LTR Rucksack Travel Backpack Bag for Trekking Hiking with Shoe Compartment,849,4.3 out of 5 stars,5383
https://www.amazon.in//Half-Moon-Resistant-Backpack-Compartment/dp/B0BJ32LQ6X,Half Moon Large 37L Laptop Bag Backpack for menं Women Boys and Girls Luggage Travel Bags with 17.3 inches Laptop Compartment & Rain Cover,849,3.9 out of 5 stars,3081
https://www.amazon.in//SAFARI-Ltrs-Casual-Backpack-DAYPACKNEO15CBSEB/dp/B07Q7CNPMV,SAFARI 15 Ltrs Sea Blue Casual/School/College Backpack (DAYPACKNEO15CBSEB),248,4.0 out of 5 stars,19775
https://www.amazon.in//American-Tourister-BACKPACK-COMPARTMENT-ORGANIZER/dp/B0BTD4FK9G,American Tourister VALEX BLUE LAPTOP BACKPACK 28 LtrsVolume LAPTOP COMPARTMENT BOTTLE POCKET FRONT ORGANIZER,1399,4.3 out of 5 stars,427
https://www.amazon.in//ADISA-Laptop-Backpack-Office-College/dp/B0BPVLXD53,ADISA 32L Large Laptop Backpack Office Bag College Travel Back Pack with rain Cover (Grey),599,3.8 out of 5 stars,226
https://www.amazon.in//Wesley-Milestone-Waterproof-Backpack-Business/dp/B085S444JV,Wesley Milestone 2.0 Casual Waterproof Laptop Backpack/Office Bag/School Bag/College Bag/Business Bag/Travel Backpack (Dimensions:13x18 inches) (Compatible with 39.62cm(15.6inch laptop) 30 L Charcoal black,550,4.3 out of 5 stars,11568
https://www.amazon.in//Wesley-Spartan-Hiking-Raincover-Organiser/dp/B098QFF5TJ,Wesley Spartan Unisex Travel Hiking Laptop Bag fits Upto 17.3 inch with Raincover and Internal Organiser Backpack Rucksack College Bag,749,4.1 out of 5 stars,1462
https://www.amazon.in//s/?k=bags+for+girls&ref=sugsr_0&pd_rd_w=TYHaI&content-id=amzn1.sym.f0166a2b-0975-4017-be10-7ecf88afb403:amzn1.sym.f0166a2b-0975-4017-be10-7ecf88afb403&pf_rd_p=f0166a2b-0975-4017-be10-7ecf88afb403&pf_rd_r=4X72KH1TVB2CSJ4CHT2J&pd_rd_wg=Trff8&pd_rd_r=699353e7-d683-48de-9fec-c47a03d54f81&qid=1688736357,NA,NA,NA,bags for girls
https://www.amazon.in//s/?k=bags+for+girls&ref=sugsr_0&pd_rd_w=TYHaI&content-id=amzn1.sym.f0166a2b-0975-4017-be10-7ecf88afb403:amzn1.sym.f0166a2b-0975-4017-be10-7ecf88afb403&pf_rd_p=f0166a2b-0975-4017-be10-7ecf88afb403&pf_rd_r=4X72KH1TVB2CSJ4CHT2J&pd_rd_wg=Trff8&pd_rd_r=699353e7-d683-48de-9fec-c47a03d54f81&qid=1688736357,NA,NA,NA,bags for girls
https://www.amazon.in//s/ref=sxin_15_trfobq2av2?rh=n%3A14737350031&k=bags&i=specialty-aps&srs=14737350031&pd_rd_w=THiTh&content-id=amzn1.sym.c1eb4b2a-b703-404b-a097-61cb8a5ee3cb:amzn1.sym.c1eb4b2a-b703-404b-a097-61cb8a5ee3cb&pf_rd_p=c1eb4b2a-b703-404b-a097-61cb8a5ee3cb&pf_rd_r=4X72KH1TVB2CSJ4CHT2J&pd_rd_wg=S8Wng&pd_rd_r=ee4934e9-010a-4e9f-b0d8-f0bcae5f614b&qid=1688736357,NA,NA,NA,Amazon’s private and select curated brands
https://www.amazon.in//s/?k=bags+for+girls&ref=sugsr_0&pd_rd_w=TYHaI&content-id=amzn1.sym.f0166a2b-0975-4017-be10-7ecf88afb403:amzn1.sym.f0166a2b-0975-4017-be10-7ecf88afb403&pf_rd_p=f0166a2b-0975-4017-be10-7ecf88afb403&pf_rd_r=4X72KH1TVB2CSJ4CHT2J&pd_rd_wg=Trff8&pd_rd_r=699353e7-d683-48de-9fec-c47a03d54f81&qid=1688736357,NA,NA,NA,bags for girls
https://www.amazon.in//Hammonds-Flycatcher-Leather-Messenger-LB138MH/dp/B0851GV3F7,HAMMONDS FLYCATCHER Laptop Bag for Men - Genuine Leather Office Bag with Multiple Compartments - Fits 14/15.6/16 Inch Laptop Bag - Messenger and Shoulder Bag for Travel - Water Resistant - Brushwood,3017,4.4 out of 5 stars,1010
https://www.amazon.in//Half-Moon-Resistant-Backpack-Compartment/dp/B09T2TCSW7,Half Moon 34 L Water Resistant 15.6 inch Laptop Bag/Backpack for Men Women Boys Girls/Office School College with Padded Laptop Compartment (Grey),699,3.9 out of 5 stars,1331
https://www.amazon.in//Aristocrat-Zeal-Unisex-Grey-Laptop/dp/B0B5YHC1W5,Aristrocrat Unisex Laptop Bag Grey One Size,799,4.2 out of 5 stars,27
https://www.amazon.in//Aspire-Laptop-Backpack-Resistant-Macbook/dp/B0BYSXLVNN,Fendo Aspire 27L Laptop Bag Office Bag for Men | Backpack for Men School Bags for Boys | Water Resistant | Fits up to 15.6 inch Laptop Macbook | (Grey),552,4.6 out of 5 stars,16
https://www.amazon.in//Wesley-Milestone-Waterproof-Backpack-Business/dp/B07NJRPJ6Q,Wesley Milestone 15.6 inch 25 L Casual Waterproof Laptop Backpack/Office Bag/School Bag/College Bag/Business Bag/Unisex Travel Backpack (Black),448,4.3 out of 5 stars,13002
https://www.amazon.in//Expandable-Backpack-Water-resistant-Business-Charging/dp/B0B6FNB898,Arctic Hunter Laptop Bag Expandable Backpack for 16 inch Lapotp 40L Travel Backpack Water-resistant Business School Backpack with USB Port for Men and Women,3514,4.5 out of 5 stars,82
https://www.amazon.in//Step-Backpack-Small-Water-Repellant/dp/B088XH1BP7,Mi Step Out 12 L Mini Backpack (Small Size Dark Blue Water Repellant),249,4.1 out of 5 stars,9329
https://www.amazon.in//Tabelito%C2%AE-Delta-Waterproof-Backpack-Compatible/dp/B0BLK2RL23,Tabelito® DELTA Casual Waterproof Laptop Backpack/Office Bag/School Bag/College Bag/Business Bag/Unisex Travel Backpack (Compatible with 15.6 inch Laptop) 30 L (6 Month Warranty),599,4.4 out of 5 stars,110
https://www.amazon.in//ADISA-Womens-Girls-Party-Crossbody/dp/B0B2WBJ2H8,ADISA Women's Girls Party Sling Bag Crossbody,378,3.8 out of 5 stars,125
https://www.amazon.in//F-Gear-Circadian-Guc-Black-Casual-Backpack/dp/B084THQXCD,F Gear Circadian Guc Black 27 Ltrs Casual Backpack (3330),799,4.2 out of 5 stars,710
https://www.amazon.in//Gear-Classic-Leather-Backpack-LBPCLSLTH0101/dp/B07G4D13LB,Gear Classic 20L Faux Leather Water Resistant Anti Theft Laptop Bag/Backpack for Men/Women-Black,981,4.4 out of 5 stars,2693
https://www.amazon.in//Puma-Unisex-Adult-Backpack-Parisian-9018302/dp/B0BWF3K4GC,Puma Unisex-Adult Core Backpack Parisian Night (9018302),NA,4.5 out of 5 stars,2
https://www.amazon.in//Genie-Clara-Backpack-Women-compartments/dp/B097JJGR1N,Genie Clara Backpack for Women - 3 compartments Laptop Bags for Girls Stylish and Trendy College Backpacks for Girls Water Resistant and Lightweight Bags for Office and Travelling Purpose.,1279,4.4 out of 5 stars,183
https://www.amazon.in//Aristocrat-Unisex-Oxford-Fabric-28-82L/dp/B09ZV86P4S,Aristocrat Unisex Black Oxford Fabric 28.82L Laptop Bags One Size,629,3.4 out of 5 stars,60
https://www.amazon.in//WALKENT-Flair-Expandable-Anti-Theft-Waterproof/dp/B09BVSNMS2,"ARCTIC HUNTER 15.6"" Laptop Bag (Flair) Anti-Theft Built-in Combination Lock Side Bottle Pockets Expandable Waterproof for Office College Men Women",2590,4.2 out of 5 stars,69
https://www.amazon.in//Wesley-Waterproof-Backpack-College-Business/dp/B08B6F3X7V,Wesley Matrix 15.6 inch 35L Casual Waterproof Laptop Backpack/Office Bag/College Bag/Business Bag/Unisex Travel Backpack (Navy Blue),499,4.2 out of 5 stars,761
https://www.amazon.in//s/?k=bags+for+girls&ref=sugsr_0&pd_rd_w=2LtbY&content-id=amzn1.sym.f0166a2b-0975-4017-be10-7ecf88afb403:amzn1.sym.f0166a2b-0975-4017-be10-7ecf88afb403&pf_rd_p=f0166a2b-0975-4017-be10-7ecf88afb403&pf_rd_r=KAPM11P4QXJTD8EX17TQ&pd_rd_wg=0YRxH&pd_rd_r=959b3c3e-0f36-4e45-b023-50b70812fcd0&qid=1688736360,NA,NA,NA,bags for girls
https://www.amazon.in//s/?k=bags+for+girls&ref=sugsr_0&pd_rd_w=2LtbY&content-id=amzn1.sym.f0166a2b-0975-4017-be10-7ecf88afb403:amzn1.sym.f0166a2b-0975-4017-be10-7ecf88afb403&pf_rd_p=f0166a2b-0975-4017-be10-7ecf88afb403&pf_rd_r=KAPM11P4QXJTD8EX17TQ&pd_rd_wg=0YRxH&pd_rd_r=959b3c3e-0f36-4e45-b023-50b70812fcd0&qid=1688736360,NA,NA,NA,bags for girls
https://www.amazon.in//s/?k=bags+for+girls&ref=sugsr_0&pd_rd_w=2LtbY&content-id=amzn1.sym.f0166a2b-0975-4017-be10-7ecf88afb403:amzn1.sym.f0166a2b-0975-4017-be10-7ecf88afb403&pf_rd_p=f0166a2b-0975-4017-be10-7ecf88afb403&pf_rd_r=KAPM11P4QXJTD8EX17TQ&pd_rd_wg=0YRxH&pd_rd_r=959b3c3e-0f36-4e45-b023-50b70812fcd0&qid=1688736360,NA,NA,NA,bags for girls
https://www.amazon.in//Aristocrat-Unisex-Oxford-Fabric-28-82L/dp/B09ZV86P4S,Aristocrat Unisex Black Oxford Fabric 28.82L Laptop Bags One Size,629,3.4 out of 5 stars,60
https://www.amazon.in//WALKENT-Flair-Expandable-Anti-Theft-Waterproof/dp/B09BVSNMS2,"ARCTIC HUNTER 15.6"" Laptop Bag (Flair) Anti-Theft Built-in Combination Lock Side Bottle Pockets Expandable Waterproof for Office College Men Women",2590,4.2 out of 5 stars,69
https://www.amazon.in//Wesley-Waterproof-Backpack-College-Business/dp/B08B6F3X7V,Wesley Matrix 15.6 inch 35L Casual Waterproof Laptop Backpack/Office Bag/College Bag/Business Bag/Unisex Travel Backpack (Navy Blue),499,4.2 out of 5 stars,761
https://www.amazon.in//Safari-Polyester-Cms-Travel-KRYPTON17DFBLU_Blue/dp/B097L2RSF1,Safari Polyester 24 Cms Travel Bag(KRYPTON17DFBLU_Blue),499,3.8 out of 5 stars,40
https://www.amazon.in//Fur-Jaden-resistant-Backpack-BM100_Brown/dp/B07P5X6NSN,FUR JADEN Vegan Leather 30L 15.6 Inch Laptop Backpack for Men Women for Office Professionals and College Students Brown,839,4.2 out of 5 stars,2311
https://www.amazon.in//Aristocrat-Green-Laptop-Backpack-LPBPLEX1SGN/dp/B085HNZ9GG,Aristocrat 34 Ltrs Sea Green Laptop Backpack (LPBPLEX1SGN),1520,4.3 out of 5 stars,195
https://www.amazon.in//Genie-Flamenco2-Backpack-Compatible-Resistant/dp/B08YF1XJXY,Genie Flamenco Laptop Backpack for Women 16 inches Office Bag Sky Blue Stylish and Trendy Bag for Office and College,719,4.4 out of 5 stars,1579
https://www.amazon.in//Tabelito-Laptop-Backpack-15-6-inch-Repellent/dp/B08Y3L4PHK,TABELITO Casual Laptop Backpack 15.6-inch 25 LTR Water Repellent,549,4.2 out of 5 stars,406
https://www.amazon.in//ASTRID-Womens-Round-Sling-Pompoms/dp/B08VS8JBNK,ASTRID Women's Sling Bag (Prismatic Brownish Textured),499,4.4 out of 5 stars,477
https://www.amazon.in//Wildcraft-Polyester-Black-Laptop-8903338054290/dp/B012D4QKHW,Wildcraft 44 cms Polyester Black Laptop Bag (8903338054290),1539,4.3 out of 5 stars,667
https://www.amazon.in//SAFARI-Denim-Casual-Backpack-DAYPACKNEO15CBDNB/dp/B07NSC4SL5,SAFARI 15 Ltrs Denim Blue Casual/School/College Backpack (DAYPACKNEO15CBDNB),279,4.0 out of 5 stars,12968
https://www.amazon.in//Wesley-Waterproof-Backpack-Business-Dimensions/dp/B0BMQ4D59H,Wesley Ignite Casual Waterproof Laptop Backpack/Office Bag/School Bag/College Bag/Business Bag/Travel Backpack (Dimensions:13x18.5 inches) (Compatible with 39.62cm(15.6inch laptop),499,4.2 out of 5 stars,45
https://www.amazon.in//Police-Polyester-Laptop-Spec-Backpack/dp/B07ZB8NWTZ,POLICE Polyester 35 Ltr Laptop Big Low Spec Laptop Backpack - Black/Navy,1569,3.3 out of 5 stars,211
https://www.amazon.in//NORTH-ZONE-Northzone-Business-Messenger/dp/B0C555LQF4,NORTH ZONE Northzone Sling Cross Body Travel Office Business Messenger One Side Shoulder Pouch Bag Money Bag for Men and Women,299,4.1 out of 5 stars,22
https://www.amazon.in//Gear-Polyester-Laptop-Backpack-LBPECO1000109/dp/B012NW1H1I,Gear ECO 1 Black Orange Red Laptop Backpack,861,4.3 out of 5 stars,1393
https://www.amazon.in//American-Tourister-FJ9-01-002/dp/B07N19CXKM,American Tourister Ohio Polyester 65 Cms Wheel Travel Duffle Bag (Blue),1999,4.2 out of 5 stars,1265
https://www.amazon.in//s/?k=bags+for+girls&ref=sugsr_0&pd_rd_w=zNCFX&content-id=amzn1.sym.f0166a2b-0975-4017-be10-7ecf88afb403:amzn1.sym.f0166a2b-0975-4017-be10-7ecf88afb403&pf_rd_p=f0166a2b-0975-4017-be10-7ecf88afb403&pf_rd_r=9S5V1E94ZSSHQ3FFBGDY&pd_rd_wg=z3PBE&pd_rd_r=8eb8120f-6cf2-451d-98e4-eb2ea3abeaea&qid=1688736361,NA,NA,NA,bags for girls
https://www.amazon.in//s/?k=bags+for+girls&ref=sugsr_0&pd_rd_w=zNCFX&content-id=amzn1.sym.f0166a2b-0975-4017-be10-7ecf88afb403:amzn1.sym.f0166a2b-0975-4017-be10-7ecf88afb403&pf_rd_p=f0166a2b-0975-4017-be10-7ecf88afb403&pf_rd_r=9S5V1E94ZSSHQ3FFBGDY&pd_rd_wg=z3PBE&pd_rd_r=8eb8120f-6cf2-451d-98e4-eb2ea3abeaea&qid=1688736361,NA,NA,NA,bags for girls
https://www.amazon.in//s/?k=bags+for+girls&ref=sugsr_0&pd_rd_w=zNCFX&content-id=amzn1.sym.f0166a2b-0975-4017-be10-7ecf88afb403:amzn1.sym.f0166a2b-0975-4017-be10-7ecf88afb403&pf_rd_p=f0166a2b-0975-4017-be10-7ecf88afb403&pf_rd_r=9S5V1E94ZSSHQ3FFBGDY&pd_rd_wg=z3PBE&pd_rd_r=8eb8120f-6cf2-451d-98e4-eb2ea3abeaea&qid=1688736361,NA,NA,NA,bags for girls
https://www.amazon.in//Dynotrek-Sack-pack-Waterproof-Chromebook-Charcoal/dp/B09TNTPK6G,"Dynotrek 13 14 Upto 15.6"" Inch Laptop Casual Sack-pack Rucksack Travel Backpack With USB Charging Port For Men & Women Waterproof Backpack Suitable for Chromebook DT02SCB",999,3.8 out of 5 stars,1141
https://www.amazon.in//Mokobara-Transit-Backpack-Laptop-Sunray/dp/B09V7R98XC,MOKOBARA The Transit Backpack Laptop Bag for Men and Women,5999,4.5 out of 5 stars,675
https://www.amazon.in//NORTH-ZONE-Northzone-Business-Messenger/dp/B0C555LQF4,NORTH ZONE Northzone Sling Cross Body Travel Office Business Messenger One Side Shoulder Pouch Bag Money Bag for Men and Women,299,4.1 out of 5 stars,22
https://www.amazon.in//American-Tourister-FJ9-01-002/dp/B07N19CXKM,American Tourister Ohio Polyester 65 Cms Wheel Travel Duffle Bag (Blue),1999,4.2 out of 5 stars,1265
https://www.amazon.in//Safari-Formal-Backpack-Anti-Theft-VAULT19CBBLK/dp/B07XSTR69N,Safari 48 Cms Black Formal/Office/Laptop Backpack With Anti-Theft Lock Usb And Rfid (Vault19Cbblk),997,4.0 out of 5 stars,870
https://www.amazon.in//Aristocrat-Cadet-Polyester-Luggage-Duffle/dp/B09X74T7BP,Aristocrat Polyester 28 Cms Travel Bag(DFCAD53ENBL_Navy Blue),899,3.9 out of 5 stars,175
https://www.amazon.in//Anti-Theft-Backpack-Expandable-Water-resistant-Convertible/dp/B0B6FZ3YNV,Golden Wolf Backpack for Men 35L Expandable Travel Backpack Anti-theft Laptop Bag with Lock Water-resistant Convertible Backpack with USB Port Travel Business College Backpack for Men and Women Black,2754,4.3 out of 5 stars,88
https://www.amazon.in//ADISA-Backpack-Office-College-Travel/dp/B09Y8FMDVB,ADISA Backpack Office Bag College Travel Back Pack 32 Ltrs (Navy Blue),499,4.1 out of 5 stars,193
https://www.amazon.in//Gear-Executive-Anti-Theft-Backpack-BKPPKREXE0101/dp/B097KCMQKG,Gear Parker 23L Water Resistant Anti Theft Laptop Bag/Backpack for Men/Women - Black,644,4.3 out of 5 stars,412
https://www.amazon.in//PUMA-Laptop-Backpack-CASTLEROCK-Vibrant-Orange/dp/B08BTWDHCY,PUMA Laptop Backpack IND,1059,3.9 out of 5 stars,39
https://www.amazon.in//Wildcraft-Turnaround-Polyester-Laptop-8903340000000/dp/B012D4QWES,Wildcraft Turnaround Polyester 14 inch 27 Ltrs Blue Laptop Bag (8903340000000),1796,4.3 out of 5 stars,3319
https://www.amazon.in//F-Gear-Blow-Laptop-Backpack/dp/B078J63VRY,F Gear Blow Laptop Backpack With Rain Cover 32 Liters (BlackGrey) Sch Bag,1299,4.3 out of 5 stars,1283
https://www.amazon.in//Tabelito-Laptop-Backpack-15-6-inch-Repellent/dp/B08Y5S6C2P,TABELITO Casual Laptop Backpack 15.6-inch 25 LTR Water Repellent,549,4.0 out of 5 stars,677
https://www.amazon.in//Capriff-Liters-Collage-travell-Backpack/dp/B084T7X2HX,CAPRIFF 32 L Casual Waterproof Laptop Bag/Backpack for Men Boys & Girls For Office School College Teens & Students with Rain Cover With adjustable Strap With 2 Compartment,539,3.8 out of 5 stars,3080
https://www.amazon.in//Gear-Beige-Casual-Backpack-BKPTRMP520522/dp/B00VWM11HQ,Gear Triumph 26L Water Resistant School Bag//Backpack/College Bag for Men/Women - Navy Blue,838,4.2 out of 5 stars,5648
https://www.amazon.in//Lino-Perros-Womens-Floral-Peach/dp/B0B57B7KV7,Lino Perros womens handbag,1169,4.1 out of 5 stars,3377
https://www.amazon.in//s/?k=bags+for+girls&ref=sugsr_0&pd_rd_w=rHJeN&content-id=amzn1.sym.f0166a2b-0975-4017-be10-7ecf88afb403:amzn1.sym.f0166a2b-0975-4017-be10-7ecf88afb403&pf_rd_p=f0166a2b-0975-4017-be10-7ecf88afb403&pf_rd_r=85YSPWZNZ6P9FGKHHN61&pd_rd_wg=nM121&pd_rd_r=bb046df6-ee01-4604-89e1-cc298779f3d5&qid=1688736363,NA,NA,NA,bags for girls
https://www.amazon.in//s/?k=bags+for+girls&ref=sugsr_0&pd_rd_w=rHJeN&content-id=amzn1.sym.f0166a2b-0975-4017-be10-7ecf88afb403:amzn1.sym.f0166a2b-0975-4017-be10-7ecf88afb403&pf_rd_p=f0166a2b-0975-4017-be10-7ecf88afb403&pf_rd_r=85YSPWZNZ6P9FGKHHN61&pd_rd_wg=nM121&pd_rd_r=bb046df6-ee01-4604-89e1-cc298779f3d5&qid=1688736363,NA,NA,NA,bags for girls
https://www.amazon.in//s/?k=bags+for+girls&ref=sugsr_0&pd_rd_w=rHJeN&content-id=amzn1.sym.f0166a2b-0975-4017-be10-7ecf88afb403:amzn1.sym.f0166a2b-0975-4017-be10-7ecf88afb403&pf_rd_p=f0166a2b-0975-4017-be10-7ecf88afb403&pf_rd_r=85YSPWZNZ6P9FGKHHN61&pd_rd_wg=nM121&pd_rd_r=bb046df6-ee01-4604-89e1-cc298779f3d5&qid=1688736363,NA,NA,NA,bags for girls
https://www.amazon.in//Gear-Beige-Casual-Backpack-BKPTRMP520522/dp/B00VWM11HQ,Gear Triumph 26L Water Resistant School Bag//Backpack/College Bag for Men/Women - Navy Blue,838,4.2 out of 5 stars,5648
https://www.amazon.in//Lino-Perros-Womens-Floral-Peach/dp/B0B57B7KV7,Lino Perros womens handbag,1169,4.1 out of 5 stars,3377
https://www.amazon.in//American-Tourister-FR9-08-003/dp/B07RWZJG2R,American Tourister Bounce 28 Ltrs Grey Casual Backpack (FR9 (0) 08 003),1130,4.0 out of 5 stars,567
https://www.amazon.in//Red-Lemon-Polyester-15-6-inch-Waterproof/dp/B07XYY2FW4,Red Lemon Polyester Bange Series 15.6inch Laptop Bag for Men 35 LTR Capacity Daily Office Bag for Men and Women Black (1903),3299,4.3 out of 5 stars,177
https://www.amazon.in//Kenneth-Cole-Reaction-Polyester-Backpack/dp/B07GX3PWNK,"Kenneth Cole Reaction Women's Chevron Quilted Polyester Twill 15.6"" Laptop Backpack Midnight Black One Size",4818,4.7 out of 5 stars,3635
https://www.amazon.in//Gear-Clubsport-Faux-Leather-Black-Red-DUFCLBSRT0109/dp/B097KCLVCP,Gear Clubsport 26 Ltrs Faux-Leather Water Resistant Travel Duffle Bag/Gym Bag for Men/Women - Black Red,703,4.2 out of 5 stars,311
https://www.amazon.in//Seute-Verdiater-Laptop-Backpack-Multipurpose/dp/B07D9D5284,Seute Verdiater Backpack with USB Charging Port 30L Laptop Bag with Shoe Compartments Business Travel Backpack with 15.6 inch Laptop Pocket for Men Women College & Office (Grey & Black),3199,4.5 out of 5 stars,892
https://www.amazon.in//DZert-Polyester-Black-White-Laptop/dp/B07H193V57,DZert Clasy Laptop Bag College Bag for Boys Girls 21 L Black,339,3.8 out of 5 stars,2463
https://www.amazon.in//Skybags-Unisex-Printed-School-Backpack/dp/B0C5WYR54R,Skybags Unisex Printed School Backpack For Kids 01 Black (Disney Mickey),NA,4.6 out of 5 stars,3
https://www.amazon.in//Lenovo-Professional-Backpack-Water-resistant-Uncompromised/dp/B08R7S55H4,"Lenovo 15.6"" Professional Backpack Made in India Water-resistantUncompromised storage Travel friendly:Fleece-lined PC compartmentVentedPadded BackPanel & Adjustable shoulder strapsLuggage strap",699,4.2 out of 5 stars,856
https://www.amazon.in//Storite-Leather-Laptop-Bag-inch/dp/B081GQJLD2,Storite PU Leather 14 inch Laptop Messenger Organizer Bag/Shoulder Sling Office Bag for Men Notebook Tablet Carrying Handbags For Women - Light Brown,999,4.0 out of 5 stars,1617
https://www.amazon.in//Wooum-Resistance-Backpack-Students-Compartment/dp/B0B5LPVBHR,Wooum 36 L Casual Water Resistance Laptop Bag/Backpack for Men Women Boys Girls/Office School College Teens & Students with 15.6 Inch Laptop Compartment 3 Compartment - Black,463,3.8 out of 5 stars,47
https://www.amazon.in//Genie-Love-Casual-Backpack-LOVE14CBBLU/dp/B097JJ7QMB,Genie Love 13 Ltrs Blue Casual Backpack (LOVE14CBBLU),749,4.6 out of 5 stars,176
https://www.amazon.in//Genie-compartments-Resistant-Lightweight-Travelling/dp/B097JJYXXT,Genie Drama Queen Laptop Backpack for Women 3 compartments Stylish and Trendy College Bags for Girls Water Resistant and Lightweight Bags for Office and Travelling Purpose. 36 litres,1299,4.0 out of 5 stars,4
https://www.amazon.in//Lavie-Spring-Summer-Womens-Tote/dp/B0814PV49H,Lavie Women's Pavo Tote Bag | Ladies Purse Handbag,899,4.1 out of 5 stars,4843
https://www.amazon.in//London-Artificial-Handmade-Messenger-1102_darkbrn/dp/B078BH7XV5,K London Dark Brown Artificial Leather Handmade Men & Women Laptop Bag Cross Over Shoulder Messenger Bag Office Bag (1102_darkbrn),1175,4.2 out of 5 stars,1587
https://www.amazon.in//s/?k=bags+for+girls&ref=sugsr_0&pd_rd_w=voDKB&content-id=amzn1.sym.f0166a2b-0975-4017-be10-7ecf88afb403:amzn1.sym.f0166a2b-0975-4017-be10-7ecf88afb403&pf_rd_p=f0166a2b-0975-4017-be10-7ecf88afb403&pf_rd_r=4G7WTTREYSN0M8NXDZGR&pd_rd_wg=XN58z&pd_rd_r=12c102af-8a9c-4056-a3fe-7dfe7e4cdf8f&qid=1688736364,NA,NA,NA,bags for girls
https://www.amazon.in//s/?k=bags+for+girls&ref=sugsr_0&pd_rd_w=voDKB&content-id=amzn1.sym.f0166a2b-0975-4017-be10-7ecf88afb403:amzn1.sym.f0166a2b-0975-4017-be10-7ecf88afb403&pf_rd_p=f0166a2b-0975-4017-be10-7ecf88afb403&pf_rd_r=4G7WTTREYSN0M8NXDZGR&pd_rd_wg=XN58z&pd_rd_r=12c102af-8a9c-4056-a3fe-7dfe7e4cdf8f&qid=1688736364,NA,NA,NA,bags for girls
https://www.amazon.in//s/?k=bags+for+girls&ref=sugsr_0&pd_rd_w=voDKB&content-id=amzn1.sym.f0166a2b-0975-4017-be10-7ecf88afb403:amzn1.sym.f0166a2b-0975-4017-be10-7ecf88afb403&pf_rd_p=f0166a2b-0975-4017-be10-7ecf88afb403&pf_rd_r=4G7WTTREYSN0M8NXDZGR&pd_rd_wg=XN58z&pd_rd_r=12c102af-8a9c-4056-a3fe-7dfe7e4cdf8f&qid=1688736364,NA,NA,NA,bags for girls
https://www.amazon.in//Lunars-Router-Resistant-Raincover-Organiser/dp/B08YR63B9M,Lunar's 35 L Laptop Office/School/Travel/Business Backpack Water Proof - Fits Up to 15.6 Inch Laptop Notebook With Raincover Inside Organiser and 1 Year Warranty (All),849,3.8 out of 5 stars,1116
https://www.amazon.in//American-Tourister-BOUNCE-BACKPACK-POLYESTER/dp/B0BLC9MQHW,American Tourister BOUNCE CASUAL BACKPACK 28L POLYESTER RED,1099,4.0 out of 5 stars,33
https://www.amazon.in//FUR-JADEN-Backpack-Organizer-Compartments/dp/B0BQYKTDCK,FUR JADEN Faux Leather 15.6 Inch Premium Laptop Backpack 32L with Internal Organizer 2 Large Compartments,2199,4.5 out of 5 stars,103
https://www.amazon.in//American-Tourister-FS0-11-001/dp/B07S13P8BW,American Tourister Spin 49 cms Teal Laptop Backpack,1699,4.0 out of 5 stars,1477
https://www.amazon.in//F-Gear-Burner-Grey-Black-Backpack/dp/B01GVN0KJ0,F Gear Burner Grey Black 19 Ltrs Casual Backpack (2449),799,4.2 out of 5 stars,3480
https://www.amazon.in//Wildcraft-Ltrs-Black-Rucksack-8903338073840/dp/B01G5I8VDS,Wildcraft 45 Ltrs Black Rucksack (8903338073840),1743,4.3 out of 5 stars,1070
https://www.amazon.in//Puma-Unisex-Adult-Backpack-Fizzy-9018404/dp/B0BWF2BNBP,Puma Unisex-Adult Big Cat Backpack Fizzy Apple (9018404),879,3.7 out of 5 stars,8
https://www.amazon.in//BEAUTY-GIRLS-1531-Pink-Waterproof-Backpack/dp/B08YR3JJ64,BEAUTY GIRLS 1531 Polyester Waterproof 30 L Floral Printed School College Tuition Laptop Backpack Bag for Girls & Women,849,4.2 out of 5 stars,1526
https://www.amazon.in//Aristocrat-Ltrs-Black-Rucksack-Duro/dp/B07VB76WL9,Aristocrat 45 Ltrs Black Rucksack,1750,4.0 out of 5 stars,337
https://www.amazon.in//Cosmus-Casual-Backpack-Charger-College/dp/B08D7DTWLF,Cosmus Vogue Casual Laptop Backpack with USB Charger Port 46cm 26 Litre Dark Grey College Bag,1328,4.2 out of 5 stars,1407
https://www.amazon.in//Handcuffs-Foldable-Lightweight-Waterproof-Travelling/dp/B09DW4ZS4X,Handcuffs polyester 15 Cms Duffle Bag(BF Waterproof Travel Bag_Blue_Blue),449,4.0 out of 5 stars,188
https://www.amazon.in//Wildcraft-Ltrs-Orange-Rucksack-8903338073833/dp/B01G5I8VKQ,Wildcraft 60 Ltrs Orange Rucksack (8903338073833),2338,4.2 out of 5 stars,1463
https://www.amazon.in//Duffel-Bag-Travelling-Lightweight-Waterproof/dp/B0BZT17QBL,KDR Duffel Bag for Travel | Packing Bags for Travelling | Large Capacity Folding Lightweight | Waterproof Carry Luggage Bag (Mint Green),149,2.8 out of 5 stars,11
https://www.amazon.in//ADISA-Laptop-Backpack-Office-College/dp/B0BVRJYD9Q,ADISA 32L Large Laptop Backpack Office Bag College Travel Back Pack with rain Cover (Navy),599,3.7 out of 5 stars,38
https://www.amazon.in//Half-Moon-Travelling-Rucksack-Compartment/dp/B09WDGZ32L,Half Moon 55 litres Travelling Laptop Bag/Rucksack Backpack for Luggage Travel Journey Trekking Hiking Bags for Men Women Boys and Girls with Laptop Compartment & Rain Cover,979,4.0 out of 5 stars,523
https://www.amazon.in//Ant-Esports-Knight-protection-Laptop-Dynamic/dp/B0BZ4WCJHR,"Ant Esports Knight Cobra 23 Large 38L Stylish unisex backpack with USB Charging Port Earphone/Headphone Port with rain protection cover and reflective strip fits upto 17"" Laptop-Dynamic Blue",699,4.0 out of 5 stars,4
https://www.amazon.in//s/?k=bags+for+girls&ref=sugsr_0&pd_rd_w=3QpJH&content-id=amzn1.sym.f0166a2b-0975-4017-be10-7ecf88afb403:amzn1.sym.f0166a2b-0975-4017-be10-7ecf88afb403&pf_rd_p=f0166a2b-0975-4017-be10-7ecf88afb403&pf_rd_r=J0E733FWDVZCN784MWSF&pd_rd_wg=H02v3&pd_rd_r=eed492b3-12f9-4ac4-84be-de40a3e5b2b0&qid=1688736366,NA,NA,NA,bags for girls
https://www.amazon.in//s/?k=bags+for+girls&ref=sugsr_0&pd_rd_w=3QpJH&content-id=amzn1.sym.f0166a2b-0975-4017-be10-7ecf88afb403:amzn1.sym.f0166a2b-0975-4017-be10-7ecf88afb403&pf_rd_p=f0166a2b-0975-4017-be10-7ecf88afb403&pf_rd_r=J0E733FWDVZCN784MWSF&pd_rd_wg=H02v3&pd_rd_r=eed492b3-12f9-4ac4-84be-de40a3e5b2b0&qid=1688736366,NA,NA,NA,bags for girls
https://www.amazon.in//s/?k=bags+for+girls&ref=sugsr_0&pd_rd_w=3QpJH&content-id=amzn1.sym.f0166a2b-0975-4017-be10-7ecf88afb403:amzn1.sym.f0166a2b-0975-4017-be10-7ecf88afb403&pf_rd_p=f0166a2b-0975-4017-be10-7ecf88afb403&pf_rd_r=J0E733FWDVZCN784MWSF&pd_rd_wg=H02v3&pd_rd_r=eed492b3-12f9-4ac4-84be-de40a3e5b2b0&qid=1688736366,NA,NA,NA,bags for girls
